Date,Open,High,Low,Close,Volume
2026-07-14,900,924,886,910,2303
2026-07-13,893,932,880.1,908.9,615
2026-07-10,920.5,920.5,903,905,667
2026-07-09,925,936.8,901,920,477
2026-07-08,900,946,885.1,925,954
2026-07-07,920,927,915,925,584
2026-07-06,922.1,925,912,916,1645
2026-07-03,916,942.9,916,925,512
2026-07-02,930,942.2,920,942.2,432
2026-07-01,952,952,920.6,941,366
2026-06-30,938,938,915,930,1013
2026-06-29,939,939,916,938,4085
2026-06-26,945,952,935,939,1611
2026-06-25,937,955,935,955,1120
2026-06-24,940,956,940,955,1035
2026-06-23,950,950.1,941.2,945.2,880
2026-06-22,953,970,952,964.9,712
2026-06-19,938,960,938,950.6,688
2026-06-18,944.2,957.9,944.2,957.7,350
2026-06-17,965,965,940,958.9,814
2026-06-16,945,950,940,950,359
2026-06-15,955,955,940,948,547
2026-06-12,955,956,940,945,364
2026-06-11,953.1,965.8,953.1,955,1426
2026-06-10,950,959,950,959,972
2026-06-09,950,958,949,951,1256
2026-06-08,955,960,947.5,957,1135
2026-06-05,950,964,945.2,960,1177
2026-06-04,955.1,974,955,957.1,1617
2026-06-03,950,976,947.1,955,752
2026-06-02,969,970,945,955,881
2026-06-01,975,975,950,950,663
2026-05-27,945.1,966.6,945.1,966.6,279
2026-05-26,979,979,950,950,1549
2026-05-25,977.4,977.4,954,960,740
2026-05-22,947.3,975.7,929,949,1325
2026-05-21,950,968.9,947.3,947.3,863
2026-05-20,960,964,946,956,1142
2026-05-19,964,964,941.5,955,422
2026-05-18,997.3,997.3,946.1,950,662
2026-05-15,925,950,925,949.9,1225
2026-05-14,954,955,933,952,826
2026-05-13,950,954,925.2,954,984
2026-05-12,961,965,950,951,432
2026-05-11,977,977,941.3,959.5,748
2026-05-08,930,950,930,950,1775
2026-05-07,949.8,950,940,950,92
2026-05-06,950,950,940,949.8,170
2026-05-05,950,968,922,940,1364
2026-05-04,950,957.5,925.1,957.5,386
